{
  "heaviness": 0.27496385396216166,
  "lightness": 0.26999999992199997,
  "anxiety": 0.20622289047162126,
  "pride": 0.359999999896,
  "motivation": 0.5446439766152651,
  "emergence_level": 0.955
}